¢#0,£#5097,¤#58
¢#0,£#1055,¤#105
¢#0,£#458,¤#277926
¢#0,£#13,¤#1453
¢#0,£#66507,¤#1082
¢#0,£#776,¤#218
¢#0,£#998,¤#57260
¢#0,£#1860,¤#5976
¢#0,£#6792,¤#1465
¢#0,£#83318,¨#450681,¤#9763291
¢#0,£#402,¤#442
¢#0,£#70754,¤#11069
¢#0,£#245,¤#4215
¢#0,£#25,¤#606653
¢#0,£#5660,¥#509,£#15856,¤#63547
¢#0,£#18936,¤#5
¢#0,£#16,¤#5510
¢#0,£#2514,¤#4919
¢#0,£#1585,¤#2596
¢#0,£#698,¥#24852,¤#73970
¢#0,£#13648,¤#95690
¢#0,£#336664,¤#3741
¢#0,¢#9,£#68910,¤#4154
¢#0,£#3191,£#2930,£#82714,¥#5686,¤#9204
¢#0,£#378,¥#8440,¤#249732
¢#0,£#9,¤#652
¢#0,£#9158,¤#181433
¢#0,£#1070,£#495,¤#272228
¢#0,£#7137,¥#60278,¤#884600
¢#0,£#74355,¤#83098
¢#0,£#110436,¤#85286
¢#0,£#1470,¤#109747
¢#0,£#3110,¤#9636
¢#0,£#272,¤#188
¢#0,£#3423,¤#1102
¢#0,£#7996,¥#7,¤#166894
¢#0,£#156626,¨#363133,¤#603242
¢#0,£#747,¤#676
¢#0,£#2223,¤#285
¢#0,£#453,¤#10910
¢#0,£#7,¥#39,£#82466,¤#234
¢#0,£#313,¤#17199
¢#0,£#250322,¥#12,¥#64411,¥#63,¤#116855
¢#0,£#2047,¤#2387
¢#0,£#22461,¥#55654,£#12195,¤#337361
¢#0,£#5214,¤#11784
¢#0,£#1785,¤#95809
¢#0,£#283,¤#101308
¢#0,£#556,¤#695434
¢#0,£#773,¤#6
¢#0,£#86010,¤#1239
¢#0,£#1084,¥#400,£#107080,¤#84944
¢#0,£#56422,¤#110
¢#0,£#159880,¤#89932
¢#0,£#220,¤#10
¢#0,£#1144,¤#58756
¢#0,£#40,¤#63066
¢#0,¢#101,£#76338,¤#7406
¢#0,£#1498,¤#68702
¢#0,£#6527,¥#474,¤#13275
¢#0,£#18,¤#77
¢#0,£#139,¤#93042
¢#0,£#164255,§#4061,£#1604,¤#1
¢#0,£#9180,¥#96,¤#147086
¢#0,£#45,£#10,¤#270
¢#0,£#538,¤#166724
¢#0,£#7573,¤#96555
¢#0,£#15,¤#340998
¢#0,£#803,¥#1257,¥#59685,¤#2124
¢#0,£#947,¤#441
¢#0,£#9094,¤#77726
¢#0,£#3488,£#30,¥#14210,¤#5292
¢#0,£#19,¤#56
¢#0,£#53783,¤#111668
¢#0,£#5764,¤#14819
¢#0,£#5672,¤#14097
¢#0,£#150,¤#875
¢#0,£#4096,¤#5455
¢#0,£#433,¤#1391
¢#0,¦#302,£#19511,¤#59
¢#0,£#5970,¤#255782
¢#0,£#2548,¤#1904
¢#0,£#36,¥#112,£#946767,¥#8,¤#358216
¢#0,£#588,¥#414,£#61434,¥#23559,¤#82470
¢#0,£#18192,¤#1263
¢#0,£#1651,¤#608
¢#0,£#19,¤#36
¢#0,£#1016,¤#2246
¢#0,£#1748,¤#81631
¢#0,£#125,¤#3730
¢#0,£#2096,¤#59124
¢#0,£#169732,¥#353,¤#417273
¢#0,£#480,¤#319
¢#0,£#96494,¥#1027514,£#625,¤#3
¢#0,£#6055,¤#835
¢#0,£#114821,£#142410,£#5680,¥#344202,£#520059,¤#53
¢#0,£#190,¥#9591,¤#332024
¢#0,£#751,¥#30829,¤#2659386
¢#0,£#5080,¤#715
¢#0,£#726,¤#2348
¢#0,£#202535,§#499990,£#1952,¤#10
¢#0,£#4652,£#11501,¤#68911
¢#0,£#163,¤#836
¢#0,£#24816,¤#81622
¢#0,¥#75,¢#2305,£#2,¤#65382
¢#0,£#87,¤#4201
¢#0,£#86494,¥#769985,¤#941083
¢#0,£#13,¤#68
¢#0,£#21205,¥#239596,¤#12727
¢#0,£#3292,¤#65370
¢#0,£#1333,¤#4415
¢#0,£#355,¤#341
¢#0,£#16481,¤#65011
¢#0,£#4698,¤#3901
¢#0,£#7741,¥#1707,¤#2835
¢#0,£#35,¤#10371
¢#0,£#544477,¤#80258
¢#0,£#16553,¤#553
¢#0,£#403,¤#8474
¢#0,£#4829,¤#16077
¢#0,£#1435,£#26,¤#695197
¢#0,£#95982,£#103,£#230043,¤#4954
¢#0,£#70475,¥#249853,¤#168579
¢#0,£#54043,¤#3098
¢#0,£#54270,¤#760
¢#0,£#67,¤#10276
¢#0,£#154863,¥#2470,¥#2178227,¥#1278423,¤#790175
¢#0,£#258,¤#189
¢#0,£#241029,¤#517
¢#0,¢#76004,£#215,¤#109035
¢#0,£#1663,¤#68008
¢#0,£#45,¤#151
¢#0,£#6884,¤#83436
¢#0,£#503,¤#14
¢#0,£#8283,¤#3271
¢#0,£#81199,§#418724,¤#15832478
¢#0,£#437,¤#8092
¢#0,£#6692,¤#10676
¢#0,£#815,¤#65116
¢#0,£#334883,¥#28926,£#57583,¤#666
¢#0,£#12826,¤#1896
¢#0,£#1243,¤#249
¢#0,£#73517,£#77899,¥#427267,¤#1557283
¢#0,£#13822,¥#65,¤#3960
¢#0,£#243661,¤#19918
¢#0,£#50,¤#268
¢#0,£#313,¨#92068,£#338928,¤#21784
¢#0,£#8014,¥#16215,¤#174144
¢#0,£#292,¤#579
¢#0,£#991,¥#424328,¤#260867
¢#0,£#3756,¤#2288
¢#0,¢#109,£#63494,¤#742
¢#0,£#56133,¤#3487
¢#0,£#500,¤#7310
¢#0,£#11470,¤#511414
¢#0,£#355,¤#480
¢#0,£#266,¤#1290
¢#0,£#7499,¤#3984
¢#0,£#558,¥#143,¤#887
¢#0,£#85,¥#1930,£#1631,¤#5
¢#0,£#6897,¤#5811
¢#0,£#5895,§#55,«#2759239,£#1399847,ª#6,¤#13815609
¢#0,£#17491,¤#5870
¢#0,£#7061,£#9311,¤#1196
¢#0,£#81,¤#10798
¢#0,£#2314,¤#549
¢#0,£#592,¤#8411
¢#0,£#345899,¨#78333,¤#1228480
¢#0,£#18522,¤#4772
¢#0,£#8587,¥#7,£#21519,¤#80253
¢#0,£#249059,¥#269472,¤#668445
¢#0,£#1664,¤#8280
¢#0,£#10469,¤#7202
¢#0,£#1740,¤#9157
¢#0,£#79249,¥#2982,¤#1622366
¢#0,£#10610,¤#257359
¢#0,£#242024,¤#10491
¢#0,£#303,¤#50
¢#0,¢#65,£#98811,¤#50
¢#0,£#56458,¤#88142
¢#0,£#22,£#250809,¥#19821,¤#64893
¢#0,£#58338,¤#28139
¢#0,£#24,¤#339906
¢#0,£#4195,¤#4518
¢#0,£#1542,¤#3040
¢#0,£#1801,¤#178343
¢#0,£#59485,£#7,¥#186696,£#1054197,¤#273
¢#0,£#1995,¥#614865,¤#612382
¢#0,£#3515,¥#182,¤#2416
¢#0,£#15519,¤#64755
¢#0,£#217,¤#3635
¢#0,£#115,¤#985
¢#0,£#549,¤#35
¢#0,£#2557,¤#171
¢#0,£#423,¤#998
¢#0,£#25,¤#84907
¢#0,£#24,¥#2872,¤#67037
¢#0,£#14408,¥#2396,¤#149596
¢#0,£#707,¥#6267,¤#850484
¢#0,£#5057,¤#143
¢#0,£#2170,¨#29,¤#719162
¢#0,£#85,¤#93355
¢#0,£#1304,¤#189
¢#0,£#57,¤#6148
¢#0,£#67066,¤#190
¢#0,£#16126,£#66463,¤#95725
¢#0,£#26269,¤#81624
¢#0,£#1394,¤#260585
¢#0,£#75785,¥#88648,¤#700048
¢#0,£#727,¤#788
¢#0,£#14,¤#20439
¢#0,£#51,¤#616426
¢#0,£#4870,¤#1031338
¢#0,£#70445,¤#3685
¢#0,£#12017,¤#7285
¢#0,£#56,¤#125
¢#0,£#169,¤#12082
¢#0,£#20866,¤#20
¢#0,£#11951,¤#3010
¢#0,£#1247,¨#516282,¤#3449503
¢#0,£#445,¤#2011
¢#0,£#21799,¥#3355,¤#339395
¢#0,£#11300,¤#245186
¢#0,£#399,¥#199,¤#91159
¢#0,£#321,¤#8327
¢#0,£#3230,§#324576,«#8,¤#18958
¢#0,£#107,¥#65724,¤#80446
¢#0,£#130,¤#528581
¢#0,£#131,¤#44
¢#0,£#72556,¥#2325,¤#260524
¢#0,£#2895,¤#100220
¢#0,£#26,¤#606131
¢#0,£#68815,¤#6202
¢#0,£#2224,¤#13734
¢#0,£#19978,£#70437,§#179526,ª#2753157,£#4,¤#4
¢#0,£#56618,¤#27729
¢#0,£#12693,¤#152523
¢#0,£#10219,¤#13
¢#0,£#389,¤#262
¢#0,£#2549,£#75849,¥#248381,¤#1045434
¢#0,£#186,¤#584432
¢#0,£#78634,¤#9088
¢#0,£#535,¤#1590
¢#0,£#2235,¤#9252
¢#0,£#600,¤#10431
¢#0,£#75638,¨#99557,¤#338424
¢#0,£#91600,¤#193299
¢#0,£#242326,¥#109119,¤#72676
¢#0,£#23588,¤#61410
¢#0,£#434,¥#1695,¤#10062
¢#0,£#1331,¤#233445
¢#0,£#69232,¤#16683
¢#0,£#72254,£#261327,¥#189092,¤#68610
¢#0,£#7402,¤#7221
¢#0,£#227786,¤#113003
¢#0,£#282,¤#135
¢#0,£#15108,¤#12
¢#0,£#6088,£#170580,¥#268,£#424903,¤#62
¢#0,£#34,¤#4743
¢#0,£#72352,¤#364474
¢#0,£#2334,¤#144015
¢#0,£#61639,¥#3696,¤#1222420
¢#0,£#13293,¤#2540
¢#0,£#84,¤#739
¢#0,£#465,¥#325414,¤#111025
¢#0,£#4780,¥#780,¤#252621
¢#0,£#850,¥#17972,£#74875,¤#25
¢#0,£#47,£#84505,¤#82823
¢#0,£#10697,¥#85056,¤#244634
¢#0,£#57403,¤#1073
¢#0,£#17083,¥#86022,¥#582986,¤#1380880
¢#0,£#1992,¤#302
¢#0,£#376,¥#65930,¤#97107
¢#0,£#7058,¥#423978,¤#615261
¢#0,£#1307,¤#2410
¢#0,£#1085,¤#169235
¢#0,£#4381,¤#14467
¢#0,¢#1829,£#67418,¥#346350,£#1,¤#11566
¢#0,£#86,¤#64
¢#0,£#113,¤#3458
¢#0,£#67781,¤#1329
¢#0,£#20636,¥#770,¤#323804
¢#0,£#3818,¥#69787,¤#440644
¢#0,£#21101,¤#400
¢#0,£#2453,¥#5190,¤#5050
¢#0,£#978,¥#918,¤#282565
¢#0,£#946,¤#123
¢#0,£#21784,¤#338
¢#0,£#65511,¥#17,¤#11727
¢#0,£#1589,¤#6194
¢#0,£#5356,¥#64606,¤#19261
¢#0,£#1887,¤#184
¢#0,£#10475,¤#58980
¢#0,£#6400,¤#4945
¢#0,£#720,¤#60
¢#0,£#495,¥#457,¤#69033
¢#0,£#19249,¥#249078,£#154658,¤#7717
¢#0,£#349,¥#6436,£#264690,£#421545,¥#536,¤#202845
¢#0,£#19491,¥#3618,£#58479,¥#3188,£#105733,¥#4863,£#76790,¥#6517,£#332769,¥#8,£#15144,¥#119,£#665192,¤#1
¢#0,£#5,¤#1810
¢#0,£#6063,¤#13979
¢#0,£#27,¤#1262
¢#0,£#236,¤#1325
¢#0,£#763,¤#3128
¢#0,£#5122,¤#92
¢#0,£#14784,¥#156,¤#176521
¢#0,£#644,£#100340,¤#83329
¢#0,£#8252,¤#264570
¢#0,£#69530,¤#185286
¢#0,£#20198,£#329080,¥#175460,¤#1402843
¢#0,£#774,¥#11850,¤#424243
¢#0,£#75409,¥#372,¤#93574
¢#0,£#7431,¤#18
¢#0,£#4994,¤#95
¢#0,£#2468,¥#789,¤#67163
¢#0,£#25,¤#7386
¢#0,£#884,¤#160526
¢#0,£#982,¤#87391
¢#0,£#2536,¤#15158
¢#0,£#5367,¤#66215
¢#0,£#1237,¤#915
¢#0,£#41,¥#1246,£#11920,¥#763,¤#244479
¢#0,£#204,¤#90
¢#0,©#1194,¢#14,£#121,¥#4361,¤#79562
¢#0,£#105,¥#7747,£#54591,¥#11,£#11457,¤#59
¢#0,£#53,¥#29582,¤#1529175
¢#0,£#14415,¤#6809
¢#0,£#1455,¤#312
¥#0,¤#782907
¢#0,£#15119,¥#581294,¤#1217430
¢#0,£#85479,¥#77748,£#670,£#36,¤#4995
¢#0,£#113,¤#66059
¢#0,£#454,¤#4121
¢#0,£#10114,§#3522,¤#89726
¢#0,£#68083,¤#20831
¢#0,£#4032,¤#18
¢#0,£#125,¤#1110
¢#0,£#226978,¥#191,£#175940,¤#1308
¢#0,£#725,¤#380
¢#0,£#1606,¤#70183
¢#0,£#5067,¥#2280,£#16749,¤#2
¢#0,£#61977,¤#602
¢#0,£#13729,¤#560
¢#0,£#76431,¤#19220
¢#0,£#12,¤#357383
¢#0,£#8733,¤#186400
¢#0,£#54735,¤#7849
¢#0,£#97745,¤#337482
¢#0,£#74108,¤#4383
¢#0,£#308,¤#10341
¢#0,£#73168,¤#622210
¢#0,£#15952,¤#417124
¢#0,£#9521,§#343947,¤#1203721
¢#0,£#144,¤#2527
¢#0,£#121,¤#1264
¢#0,£#6468,¤#68517
¢#0,£#5971,¤#75231
¢#0,£#3386,¥#225,¤#495686
¢#0,£#9017,¤#542
¢#0,£#2523,¤#523
¢#0,£#2580,¤#725
¢#0,£#83071,¤#558
¢#0,£#72680,¤#32
¢#0,£#3833,¤#1260
¢#0,£#77328,¤#88309
¢#0,£#1598,¤#568
¢#0,£#601,¤#89189
¢#0,£#82,¤#151
¢#0,£#12997,¤#112
¢#0,£#56206,¤#118703
¢#0,¢#10,£#1470,¤#59864
¢#0,£#5640,¤#22404
¢#0,£#419,¤#9874
¢#0,¦#155,£#69386,¤#180
¢#0,£#188409,¨#1019794,£#10,¤#10
¢#0,£#4938,¤#18734
¢#0,£#14835,¨#106,¤#422172
¢#0,£#844,¤#236514
¢#0,£#15,¤#74724
¢#0,£#7167,¤#81727
¢#0,£#1246,¤#2394
¢#0,£#2110,¤#5200
¢#0,£#31,¤#191917
¢#0,£#4781,¤#17344
¢#0,£#94643,¤#25
¢#0,£#11474,¥#3262,¤#260039
¢#0,£#69917,¥#316,¤#89234
¢#0,£#482,¤#788
¢#0,£#645,¤#918
¢#0,£#10592,¤#10
¢#0,£#3837,¤#2775
¢#0,£#11658,¥#96,£#63750,¤#84747
¢#0,£#29711,£#236298,¤#18731
¢#0,£#258381,¤#20574
¢#0,£#7565,¥#6597,¤#146733
¢#0,£#1010,¤#85693
¢#0,£#164721,¤#479
¢#0,£#2224,¤#1817
¢#0,£#1449,¥#59273,¥#89385,¤#9725
¢#0,£#3157,¥#9807,¤#6448
¢#0,£#250270,¤#106408
¢#0,£#262867,¤#3629442
¢#0,£#74814,¥#157169,¤#22848
¢#0,£#58276,¤#4253
¢#0,£#18,¤#330
¢#0,£#416875,¥#14214,¤#148364
¢#0,£#92840,¥#1131338,¤#590589
¢#0,£#11852,¤#74651
¢#0,£#28,¥#3476,£#65449,¥#2,¤#539081
¢#0,£#1366,¥#4828,¤#84962
¢#0,£#3418,¥#60961,¤#23406
¢#0,£#5455,¤#13
¢#0,£#130,¤#134
¢#0,£#10878,¤#629
¢#0,£#305,¥#206,¤#433818
¢#0,£#259,¤#1732
¢#0,¢#16,£#8853,¥#383,¤#88585
¢#0,£#66566,¥#8574,¤#95334
¢#0,£#67489,¤#102881
¢#0,£#5770,¤#81473
¢#0,£#56748,¥#10,¤#26208
¢#0,£#62876,¥#615,§#353580,¤#699460
¢#0,£#18026,¥#50,¤#83516
¢#0,£#5136,¥#10725,¤#946
¢#0,£#4857,¤#3811
¢#0,£#11886,¥#4120,£#81334,¤#7070
¢#0,£#94945,£#84786,¤#174348
¢#0,£#65939,¤#430390
¢#0,£#305,¤#163253
¢#0,£#3184,¤#321556
¢#0,£#11792,¤#185
¢#0,£#2317,¤#3301
¢#0,£#530,¤#3809
¢#0,£#53766,¤#1892
¢#0,£#2110,¤#425
¢#0,£#97496,¤#248829
¢#0,£#66538,¤#26221
¢#0,£#10107,¤#567
£#0,¤#782962
¢#0,£#58690,¤#21006
¢#0,£#2113,¤#19205
¢#0,£#1532,¥#102,¤#19286
¢#0,£#6205,§#244404,ª#11,£#5437413,¤#14
¢#0,£#46,¤#11841
¢#0,£#3150,¤#3154
¢#0,£#10135,¥#177,¤#676070
¢#0,£#4134,¤#1907
¢#0,£#1357,¤#4080
¢#0,£#2428,¤#341558
¢#0,£#1092,¤#208
¢#0,£#6602,£#432548,¤#78676
¢#0,£#2898,¥#163777,¤#22089
¢#0,£#87493,¤#1224
¢#0,£#11546,¤#8061
¢#0,£#2010,£#252143,¤#2835
¢#0,£#2196,¤#760
¢#0,£#62510,¤#177482
¢#0,£#89050,¤#613506
¢#0,£#1442,£#1034,¤#90821
¢#0,¢#25,£#1552,¤#83114
¢#0,£#33,¤#9891
¢#0,£#1840,¤#3145
¢#0,£#4214,¤#267
¢#0,£#55418,¥#7237,£#278287,¥#406856,¤#433783
¢#0,£#70084,¤#187938
¢#0,£#57188,¥#22114,¤#89493
¢#0,£#4275,¤#53183
¢#0,£#1172,¤#5885
¢#0,¥#66,¢#129,£#8436,¥#11154,£#67414,¤#7
¢#0,£#68251,¤#529303
¢#0,£#4291,¤#17
¢#0,£#3932,¤#233
¢#0,£#8355,¥#7478,¥#65134,£#73,£#22208,¤#63058
¢#0,£#19571,£#241702,¥#105453,£#170659,¤#16
¢#0,£#8703,¥#5,£#86352,¥#9991,£#406122,¤#8988
¢#0,£#80721,¤#331973
¢#0,£#81321,¤#275
¢#0,£#515,¤#5194
¢#0,£#283,¤#76662
¢#0,£#80938,¤#1886
¢#0,£#664,¤#405015
¢#0,£#8921,¤#64079
¢#0,£#65800,¥#96379,¤#365657
¢#0,£#58239,¤#2
¢#0,£#2449,¤#9667
¢#0,£#39,¤#4166
¢#0,£#3441,¤#2715
¢#0,£#29,¤#1921
¢#0,£#92232,£#11,¤#77254
¢#0,£#16807,¤#310
¢#0,£#3131,¤#16690
¢#0,£#220,¤#275
¢#0,£#3340,¤#990
¢#0,£#4410,¤#419
¢#0,£#240,¤#13151
¢#0,£#1915,¥#475,¤#236062
¢#0,£#94757,¤#72818
¢#0,£#1109,£#69913,¤#0
¢#0,£#133,¤#155693
¢#0,£#461,¥#1137,¤#2410
¢#0,£#73263,¤#372
¢#0,£#165458,§#1029,ª#968633,£#8,¤#396
¢#0,£#27661,¤#172100
¢#0,£#67577,¤#338210
¢#0,£#79517,¤#275
¢#0,£#131,¤#21594
¢#0,¢#10329,£#90,¥#505,¤#3451
¢#0,£#5352,¤#518911
¢#0,£#310,¥#20716,¤#156283
¢#0,£#4839,¤#765
¢#0,£#501,¤#13412
¢#0,£#454,¤#5724
¢#0,£#698,¥#31578,£#2649290,¤#20
¢#0,£#8742,¥#85838,¤#681169
¢#0,£#88419,¥#455252,¤#1902081
¢#0,£#58,¥#201,¤#4979
¢#0,£#1135,¤#325
¢#0,£#66192,¤#2677
¢#0,£#18290,¤#151833
¢#0,£#1880,¤#950
¢#0,£#1664,¥#14503,¤#855677
¢#0,£#76351,¤#15154
¢#0,£#5570,¤#60328
¢#0,£#61889,¤#9811
¢#0,£#660,¤#20
¢#0,£#102045,¤#73516
¢#0,£#17916,¤#79251
¢#0,£#4802,¥#7794,£#250861,¥#6,£#356762,¤#164
¢#0,£#138,¥#8020,¥#341980,¤#72628
¢#0,£#262200,¤#4050
¢#0,£#3689,¥#9,¤#1146
¢#0,£#17637,¤#450
¢#0,£#266,¥#1798,¤#5671
¢#0,£#6189,¤#1445
¢#0,£#5034,£#2087,§#1756,ª#1210271,¤#1
¢#0,£#2742,¤#76
¢#0,£#15717,¥#84855,¤#864197
¢#0,£#14900,¤#304
¢#0,£#230,¤#635
¢#0,£#234488,¥#19756,¤#244616
¢#0,£#2216,¤#2461
¢#0,£#474,¤#257657
¢#0,£#2617,¤#2234
¢#0,£#7225,¤#1323
¢#0,£#4000,¤#4451
¢#0,£#166932,¥#101,£#1144,¥#85191,£#243019,¥#26,¤#85516
¢#0,£#8564,¥#506,¤#496968
¢#0,£#11378,¤#11
¢#0,£#61692,¤#18581
¢#0,£#14,¤#1584
¢#0,£#9752,¤#249
¢#0,£#5920,¤#3889
¢#0,£#876,¥#13151,¤#177145
¢#0,£#2290,¤#66
¢#0,£#25819,¤#30
¢#0,£#12365,¤#267130
¢#0,£#3363,¤#349219
¢#0,£#71868,¤#568
¢#0,£#11819,¤#118
¢#0,£#5020,¥#2601,¤#22571
¢#0,£#60,¤#13188
¢#0,£#284,¤#384
¢#0,£#69765,¤#23561
¢#0,£#1135,¤#68991
¢#0,£#6169,¥#507069,¤#162529
¢#0,£#3352,¥#85600,¤#1290983
¢#0,£#208,¤#11229
¢#0,£#460,¤#245
¢#0,£#442,¤#113
¢#0,£#715,¤#22101
¢#0,£#253454,¥#30325,£#233437,¤#4
¢#0,£#20630,¥#1374,¤#69410
¢#0,£#7186,¤#371273
¢#0,£#10,¥#489,¤#9863
¢#0,£#1659,¤#84885
¢#0,£#3164,¤#444
¢#0,£#13711,¤#1275
¢#0,£#225,¤#13561
¢#0,£#208,¤#1344
¢#0,£#7902,¤#262917
¢#0,£#85405,¤#17350
¢#0,£#4029,¤#1254
¢#0,£#2592,¤#65267
¢#0,£#241945,¤#362050
¢#0,£#81166,¥#85660,¤#264091
¢#0,£#4612,¤#13319
¢#0,£#560,¤#15063
¢#0,£#7026,¤#1804
¢#0,£#2600,¤#6909
¢#0,£#373,¤#59
¢#0,£#220,¤#11314
¢#0,£#1020,¥#5245,¤#88989
¢#0,£#1963,¥#14270,¥#423131,¤#104177
¢#0,£#41,¨#957396,¤#2091099
¢#0,£#1018,¤#12537
¢#0,£#210,¤#8842
¢#0,£#68301,¤#3
¢#0,£#45,£#20,¤#1500
¢#0,£#102805,¤#321993
¢#0,£#75945,¤#420465
¢#0,£#10172,¤#3749
¢#0,£#3448,¤#61432
¢#0,£#257,¤#341
¢#0,¢#219,£#686,¥#68840,¥#12916,¤#66
¢#0,£#9316,¥#130,¤#839929
¢#0,£#61823,¤#10450
¢#0,£#11847,¤#244209
¢#0,£#325,£#157,¤#1556
¢#0,£#20914,¥#1472,£#756068,¤#1956
¢#0,£#61830,¥#454546,¤#84160
¢#0,£#58153,¥#106545,£#2054378,¤#59
¢#0,£#3896,¤#11
¢#0,£#5308,¤#3544323
¢#0,£#71463,£#10,¤#620139
¢#0,£#1703,¥#145212,¤#4425
¢#0,£#179,¥#262376,¤#340510
¢#0,£#1465,¤#1113
¢#0,£#341,¤#613
¢#0,£#6485,¥#17,¤#338078
¢#0,£#5349,¤#911
¢#0,£#85812,¤#53
¢#0,£#409,¤#784
¢#0,£#15,¥#3175,¤#66131
¢#0,£#3166,¤#5187
¢#0,£#2165,¤#3146
¢#0,£#242776,¤#289
¢#0,£#7034,¤#186030
¢#0,£#4147,¤#93498
¢#0,£#1032,¤#6416
¢#0,£#1568,¤#10890
¢#0,£#12461,¤#165
¢#0,£#89690,¨#73081,¤#10998
¢#0,£#13374,¥#340,¤#235056
¢#0,£#59713,§#540746,ª#26,¤#1972285
¢#0,£#7694,¨#153,¤#833189
¢#0,£#106583,¤#87692
¢#0,£#262252,¤#87477
¢#0,£#56738,£#1090,£#3041,£#196946,¨#492199,£#624332,£#6818,¤#325267
¢#0,£#31,¤#161
¢#0,£#22925,¤#493982
¢#0,£#3615,¤#772
¢#0,£#17770,¥#163814,¤#341695
¢#0,£#2802,¤#8595
¢#0,£#506,¤#328
¢#0,£#336,¤#4399
¢#0,£#52902,¨#550961,¤#755316
¢#0,£#64804,¤#86163
¢#0,£#922,¤#24067
¢#0,£#255087,¤#107350
¢#0,£#16337,¤#506
¢#0,£#7450,¥#10451,§#412808,ª#8545466,«#88091,«#3201320,£#2412103,¥#5161,£#18359,¤#41
¢#0,£#5298,¤#724
¢#0,£#62233,¤#28078
¢#0,£#233097,¤#7472
¢#0,£#2859,¤#13873
¢#0,£#6504,¤#12517
¢#0,£#199,¤#2089
¢#0,£#2834,¥#283,¤#175244
¢#0,£#721,¤#360
¢#0,£#283,¤#75652
¢#0,£#56,¥#8130,¤#421977
¢#0,£#1665,¤#32
¢#0,£#23,¤#1823
¢#0,£#535,¤#90300
¢#0,£#367,¥#151784,£#102042,¥#243909,¤#200378
¢#0,£#60857,¤#2867
¢#0,¦#56218,£#4671,¤#240
¢#0,£#485,¤#96
¢#0,£#1178,¤#100
¢#0,£#2328,¤#96180
¢#0,£#910,¥#920,¤#106196
¢#0,£#173,¤#1110
¢#0,£#57300,§#102091,ª#6375588,¤#5451011
¢#0,£#5810,¤#11362
¢#0,£#5722,¤#67
¢#0,£#73943,¤#11
¢#0,£#10,¤#2896
©#0,¢#55,£#95,¤#435
¢#0,£#453,¥#1451,£#57808,¤#9354
¢#0,£#58999,¤#106675
¢#0,£#15626,¥#100,£#2497,¤#152321
¢#0,£#1267,¤#2512
¢#0,£#293,¤#5427
¢#0,£#523,¥#241533,¤#183204
¢#0,£#14189,¤#232932
¢#0,£#1490,¤#3970
¢#0,£#19,¤#4043
¢#0,£#332724,¥#541308,¤#1528086
¢#0,£#62532,¤#455559
¢#0,£#33,¤#13367
¢#0,£#52508,¤#24961
¢#0,£#6,¤#3108
¢#0,£#7326,¥#171170,¤#68357
¢#0,£#230,¥#1071,¤#276006
¢#0,£#106,¤#20745
¢#0,£#11484,¥#259330,¤#932611
¢#0,£#103883,¨#89497,£#239155,¤#785882
¢#0,£#4045,¤#2350
¢#0,£#4203,¤#170528
¢#0,£#9621,¥#27,¤#1124024
¢#0,£#351,¤#80166
¢#0,£#12895,¤#317811
¢#0,£#249705,¤#4478
¢#0,£#4009,¤#7196
¢#0,£#371,¤#65040
¢#0,£#6355,¤#80
¢#0,£#39,£#47,¤#1
¢#0,£#6254,¤#68
¢#0,£#52103,¤#3162
¢#0,£#55704,¤#2670
¢#0,£#4070,¤#519948
¢#0,£#76586,¤#4651
¢#0,£#10,¤#4845
¢#0,£#2304,¥#56157,¤#2758
¢#0,£#29,¤#132
¢#0,£#1411,¤#820
¢#0,£#4557,¤#18522
¢#0,£#823,¥#2563,¤#189075
¢#0,£#2217,¤#27
¢#0,£#14223,¤#3115
¢#0,£#1014,¤#165164
¢#0,£#467,¥#987,¤#19908
¢#0,£#33,¤#88784
¢#0,£#9221,¤#570
¢#0,£#1499,¥#10989,£#75734,¤#1823
¢#0,£#518,¥#2457,¤#86416
¢#0,£#38,¨#53,£#2163163,¤#51
¢#0,£#3441,¥#2015,¤#4830
¢#0,£#29888,¥#1523811,¤#1922405
¢#0,¢#60,£#518,¤#3354
¢#0,£#401825,¥#486,£#375190,¨#42,¤#1200797
¢#0,£#18694,¥#1209,¤#330110
¢#0,£#1225,£#6102,¤#1543
¢#0,£#163139,¤#110
¢#0,£#521,¤#2348
¢#0,£#67052,¤#640
¢#0,£#101501,¤#3366
¢#0,£#470,¤#20277
¢#0,£#3475,¤#1918
¢#0,£#11329,¥#79623,£#71879,£#918,¤#17758
¢#0,£#25,¥#89905,¨#78456,¤#4240808
¢#0,£#73341,¤#15369
¢#0,¢#66,£#312,¤#69402
¢#0,£#62589,¤#419
¢#0,£#302,¤#81486
¢#0,£#18388,¥#5,¤#1133
¢#0,£#1073,¤#31
¥#0,¤#782907
¢#0,£#89882,¤#433279
¢#0,£#17344,¥#1058,¥#244568,£#9,¥#171155,£#930,¥#101879,¤#683718
¢#0,£#161,¤#754
£#0,¤#782962
¢#0,£#8598,¤#10376
¢#0,£#1025,£#181346,¤#22218
¢#0,£#63,¥#1138,¤#2483
¢#0,£#1448,¨#19291,¤#592425
¢#0,£#22911,£#324409,¥#22559,¤#510968
¢#0,£#76240,¤#143
¢#0,£#176,¤#5759
¢#0,£#253,¤#3586
¢#0,£#2617,¥#696611,£#788124,¤#82
¢#0,£#262786,¤#930597
¢#0,£#7440,¥#12635,¤#849244
¢#0,£#207,¥#195,¤#11756
¢#0,£#103296,¤#62460
¢#0,£#1105,£#8,¤#449135
¢#0,£#704,¥#82598,¤#585118
¢#0,£#278,¤#9175
¢#0,£#1704,¤#538125
¢#0,£#256,¤#2039
¢#0,£#101913,£#348046,§#67104,¤#1063339
¢#0,£#2223,¤#332723
¢#0,£#100988,¤#245293
¢#0,£#5832,¥#66076,¤#7515
¢#0,£#23254,¤#148375
¢#0,£#58073,¤#86814
¢#0,£#6086,¤#8663
¢#0,£#464,¤#758
¢#0,£#16220,¥#161102,¤#272734
¢#0,£#9837,¤#25
¢#0,£#100276,¥#6,¤#6064
¢#0,£#254237,¥#730,§#668228,£#694899,¥#60,£#5295,¤#10572
¢#0,£#21,£#54847,¤#12526
¢#0,£#96365,¤#50
¢#0,£#4816,¥#43,¤#88802
¢#0,£#1080,¤#53
¢#0,£#16461,¥#2621,¤#680151
¢#0,£#1937,¤#177803
¢#0,£#1103,¥#8572,¤#159253
¢#0,£#532,¥#3426,¤#175928
¢#0,£#247936,¤#108040
¢#0,£#18,¤#21
¢#0,£#50,¤#15
¢#0,£#87255,¤#3603
¢#0,£#63585,¥#15950,£#2,¥#677658,¤#135
¢#0,£#1333,¥#252442,£#5955,¤#231646
¢#0,¢#70,£#75,¤#4855
¢#0,£#636,¥#8836,¤#88328
¢#0,£#309,¥#97823,ª#257212,«#124,£#353241,¨#110,£#1200392,¤#4
¢#0,£#988,¤#1753
¢#0,£#5684,¥#5875,¤#323963
¢#0,£#248,¤#1408
¢#0,£#162,¤#2074
©#0,¥#789,¢#28187,£#10,¤#27
¢#0,£#144418,¥#6636,¤#3436
¢#0,£#2580,¤#545
¢#0,£#2593,¤#103
¢#0,£#59091,¤#94785
¢#0,£#75537,¤#12186
¢#0,£#425,¥#8066,¤#182084
¢#0,£#6578,¤#28
¢#0,£#151,¥#422,¤#372
¢#0,£#3084,¤#87315
¢#0,£#2560,¥#1534955,¤#13790
¢#0,£#139,¤#9415
¢#0,£#7618,¥#62644,¤#171180
¢#0,£#620,¤#7706
¢#0,£#551,¥#4230,¤#620418
¢#0,£#82864,£#95927,¥#231678,£#6038,¤#2081
¢#0,£#6215,¨#150014,¤#3370480
¢#0,£#16802,¤#154783
¢#0,£#5792,¨#525369,¤#2419533
¢#0,£#929,¤#85
¢#0,£#1231,¥#2521,¤#254629
¢#0,£#24,¤#168135
¢#0,£#13348,¤#542
¢#0,£#21536,¤#1236
¢#0,£#1846,¤#11427
¢#0,£#20036,¤#365
¢#0,£#43,¤#276594
¢#0,£#145,¤#10623
¢#0,£#55667,¤#6380
¢#0,£#119,¤#8361
¢#0,£#9592,¤#66460
¢#0,£#672,¥#83531,¤#777338
¢#0,£#21,¤#136
¢#0,£#363854,¤#232599
¢#0,¢#73919,£#5501,¥#2001,¤#1032574
¢#0,£#1388,£#9994,¤#175231
¢#0,£#77731,£#138,¤#603013
¢#0,£#747,¥#90020,£#251213,¤#7
¢#0,£#1548,¤#231860
¢#0,£#22,¤#114
¢#0,£#1500,£#79786,¤#12291
¢#0,£#79,¥#12036,£#61104,¥#3845,¤#1
¢#0,£#10834,¤#66180
¢#0,£#2692,¤#323
¢#0,£#4348,¥#276934,¤#243022
¢#0,£#394,¤#2239
¢#0,£#66776,¥#463,£#1637123,¤#97
¢#0,£#110630,¤#409447
¢#0,£#104566,¨#89533,£#239154,¤#786452
¢#0,£#659,¤#4460
¢#0,£#8940,¥#439364,¤#258261
¢#0,£#2150,¤#12322
¢#0,£#70511,¤#168170
¢#0,£#71170,¤#351187
¢#0,£#14082,¤#113
¢#0,£#4037,¥#30,¨#345680,¤#597243
¢#0,£#1450,¤#3060
¢#0,£#481,¤#167349
¢#0,£#15727,¤#546
¢#0,£#7788,¤#9660
¢#0,£#15342,¤#241269
¢#0,£#4999,£#14,¤#257285
¢#0,£#1739,¤#3267
¢#0,£#1569,¤#21052
¢#0,£#544,¤#3060
¢#0,£#346,¥#18453,¤#1101605
¢#0,£#12446,£#5,¤#8501
¢#0,£#58647,¥#4992,£#22,¥#104769,¤#241500
¢#0,£#56007,¨#104293,¤#183341
¢#0,£#1925,¥#84388,¤#84666
¢#0,£#14783,¥#1370,¤#65655
¢#0,£#2978,¤#14928
¢#0,£#60,¤#1709
¢#0,£#69396,¤#10572
¢#0,£#1718,¥#66436,¤#15781
¢#0,£#2209,¤#4682
¢#0,£#1587,¤#3309
¢#0,£#40,¤#1484
¢#0,£#171326,¥#275588,¤#255911
¢#0,£#456,£#12162,¤#1438
¢#0,£#2047,¤#7718
¢#0,£#76,¥#123,£#601,¤#17158
¢#0,£#4453,¤#1746
¢#0,£#2425,¤#161656
¢#0,£#12395,¤#1404
¢#0,£#11910,¤#162023
¢#0,£#5230,¤#187
¢#0,£#330,¤#988
¢#0,£#9121,¥#1370,¤#64963
¢#0,£#760,¥#5255,¤#78256
¢#0,£#75655,¤#10907
¢#0,£#28,¤#12123
¢#0,£#67539,¤#15
¢#0,£#77,¥#398,£#62335,¤#1708
¢#0,£#174758,¥#25209,£#400923,¤#3609
¢#0,£#79511,¤#1045
¢#0,£#2543,¤#3833
¢#0,£#259719,¤#6184
¢#0,£#1538,¤#78582
¢#0,£#165,¤#90
¢#0,£#5497,¤#362438
¢#0,£#2755,¤#21598
¢#0,£#76467,¥#3990,¤#452123
¢#0,£#16140,¤#2685
¢#0,£#66247,¤#421
¢#0,£#9472,¥#76929,¤#2530
¢#0,£#6240,¤#15
¢#0,£#25,¤#1209
¢#0,£#19082,¥#540,¤#68644
¢#0,£#20457,¤#13
¢#0,£#6956,¤#3364
¢#0,£#33,§#13327,ª#2997056,¤#5553903
¢#0,£#81,¤#77520
¢#0,£#514,¤#460
¢#0,£#7879,¤#5
¢#0,£#71957,£#4567,¥#6400,¤#269850
¢#0,£#60419,¤#95828
¢#0,£#82704,¥#108086,£#519043,¥#5,£#75613,¤#1
¢#0,£#17279,¤#20
¢#0,£#56553,¥#18,¤#26523
¢#0,£#56174,¥#4820,¤#5726
¢#0,£#8663,¤#2632
¢#0,£#274,¥#5840,¤#2589435
¢#0,£#71,¤#334
¢#0,£#240055,¤#7810
¢#0,£#58509,¥#97,£#86,¤#1818
¢#0,£#162,¤#157519
¢#0,£#57350,¤#29741
¢#0,£#516,¥#1425,¥#695627,¤#331867
¢#0,£#1375,¤#95
¢#0,£#14679,¤#7514
¢#0,£#10599,¥#165,¥#933016,£#631,¤#2
¢#0,£#62648,¤#543707
¢#0,£#17815,¥#60811,£#22152,¤#1126
¢#0,£#6004,¤#4398
¢#0,£#81660,¥#172,£#847,¤#71572
¢#0,£#2799,¤#697
¢#0,£#7426,¤#170
¢#0,£#373,¤#5353
¢#0,£#6376,¤#63770
¢#0,£#274327,¤#245036
¢#0,£#3970,¤#257909
¢#0,£#47,¤#85304
¢#0,£#1732,¤#151
¢#0,£#71,¤#2294
¢#0,£#327,¤#152779
¢#0,£#22549,¤#87263
¢#0,£#22308,¤#1626
¢#0,£#17628,¤#10444
¢#0,£#1879,¤#459
¢#0,£#782,¤#9341
¢#0,£#1108,¥#217,¤#3457148
¢#0,£#3235,¤#810
¢#0,£#738,¤#7854
¢#0,£#1167,¤#70835
¢#0,£#11506,¤#5000
¢#0,£#7310,¥#1146,¤#10491
¢#0,£#99,¤#10081
¢#0,£#1640,¤#154872
¢#0,£#154,¥#81839,£#82460,¤#81711
¢#0,£#3305,¤#100
¢#0,£#2055,¤#76052
¢#0,£#10493,¥#17,¤#64213
¢#0,£#1010,¤#1176
¢#0,£#305,¤#72707
¢#0,£#77001,¤#2716
¢#0,£#59263,¤#1575
¢#0,£#1099,¤#90
¢#0,£#20385,¤#70192
¢#0,£#4761,¤#60
¢#0,£#3860,¤#10727
¢#0,£#7133,¤#267573
¢#0,£#215,¤#7078
¢#0,£#817,£#216,¤#169755
¢#0,¢#20,£#639,¤#1410
¢#0,£#1233,¤#1430
¢#0,£#80199,¤#26952
¢#0,£#21354,¤#855964
¢#0,£#9014,¤#64173
¢#0,£#56071,¥#277,£#9929,¤#5528
¢#0,£#344,¥#44,¤#83068
¢#0,£#3746,¥#19253,¤#88801
¢#0,£#4159,¤#72453
¢#0,£#5477,¤#6794
¢#0,£#5,¤#5201
¢#0,£#1576,¤#64170
¢#0,£#1103,¤#19942
¢#0,¤#17098
¢#0,£#1120,¤#162762
¢#0,£#10783,¤#361
¢#0,£#4296,¤#9331
¢#0,£#1914,¤#332
¢#0,£#2011,¤#1361
¢#0,£#4238,¤#169
¢#0,£#480,¤#799
¢#0,£#1887,¥#339075,¤#353401
¢#0,£#54426,¤#1660
¢#0,£#76,¤#11562
¢#0,£#27307,£#15,¤#691425
¢#0,£#87475,¤#65
¢#0,£#22316,¤#15
¢#0,£#88162,¤#6961
¢#0,£#25,¥#254,¤#373959
¢#0,£#4040,¥#1798,¤#72973
¢#0,£#14323,¥#3530,¤#412999
¢#0,£#62252,¥#87686,£#1382,¤#3366
¢#0,£#8196,¥#295,¤#173334
¢#0,¢#2838,£#17,£#110,£#866,¤#1292
¢#0,£#12960,¤#76032
¢#0,£#248312,¥#19819,¤#78013
¢#0,£#9196,£#689641,¤#1356
¢#0,£#13440,¤#401
¢#0,£#53673,¤#673
¢#0,£#87935,£#2417417,£#1656,ª#15,£#511522,¤#65
¢#0,£#667,¤#433
¢#0,£#1785,¤#70
¢#0,£#74941,¤#7232
¢#0,£#348238,¤#69813
¢#0,£#4363,¤#2627
¢#0,£#890,¥#1270,£#80652,¥#172,£#27436,¤#198
¢#0,£#7251,¤#2089
¢#0,£#8348,¤#215
¢#0,£#15,¤#1680
¢#0,£#559,¤#86368
¢#0,£#86907,¥#516481,¤#183494
¢#0,£#1047,¤#11151
¢#0,£#241132,¤#4212
¢#0,£#95480,¤#695916
¢#0,£#952,¤#23
¢#0,£#18968,¨#68285,¤#1727056
¢#0,£#1464,¤#73373
¢#0,£#20,¥#4825,£#12730,¤#35
¢#0,£#18,§#236034,¤#1726750
¢#0,£#6895,¥#1180,¤#73500
¢#0,£#145801,¤#449740
¢#0,£#2624,¤#460
¢#0,£#362074,¥#1200,¤#84378
¢#0,£#471,¤#517
¢#0,£#2192,¤#15931
¢#0,£#542,¤#1304
¢#0,£#665,¤#77343
¢#0,£#2349,¤#2352
¢#0,£#58422,¤#833
¢#0,£#88023,¤#78856
¢#0,£#6955,¤#1305
¢#0,£#97780,¥#258642,¤#151040
¢#0,£#1252,¤#9353
¢#0,£#96,¤#250
¢#0,£#2368,¤#1186
¢#0,£#241641,¥#275799,£#414376,¤#259
¢#0,£#1275,¥#2025,¤#100261
¢#0,£#8065,¤#150138
¢#0,£#261459,¥#89942,£#158065,¥#6,£#82827,¥#20,£#12968,¤#1512
¢#0,£#11331,¥#1883,¤#590526
¢#0,¢#16,£#1938,¥#404091,¤#107842
¢#0,£#168463,¥#147088,¤#281248
¢#0,£#8789,¥#7678,¤#63814
¢#0,£#5695,¥#1225,¤#56773
¢#0,£#57471,¤#2072
¢#0,£#19113,¤#83476
¢#0,£#66156,¤#433980
¢#0,£#58729,¤#8698
¢#0,£#1839,¤#235584
¢#0,£#1396,¤#30
¢#0,£#55,¤#21248
¢#0,£#18938,¥#4728,¤#150465
¢#0,£#973,¤#442
¢#0,£#10702,¤#20
¢#0,£#4690,¤#1212
¢#0,£#441,¤#1012255
¢#0,£#2961,¤#64855
¢#0,£#8,¥#240839,¤#18781
¢#0,£#9307,¤#105424
¢#0,£#8654,¤#11302
¢#0,£#2272,¤#98133
¢#0,£#7395,¥#335332,¤#177308
¢#0,£#3399,¤#4
¢#0,£#2070,¤#55
¢#0,£#2504,¤#1068
¢#0,£#41,§#19039,ª#1010631,¤#131
¢#0,£#52661,¤#18486
¢#0,£#58979,¤#865554
¢#0,£#7437,¤#756
¢#0,£#6756,¤#7937
¢#0,£#30,¤#5220
¢#0,£#62915,¤#85517
¢#0,£#2774,£#154084,¥#13578,¤#340015
¢#0,£#4115,¤#327685
¢#0,£#284,¤#4377
¢#0,£#50,¤#1230
¢#0,£#3391,¤#444
¢#0,£#11530,¤#92288
¢#0,£#1088,¥#1529,£#8587,¤#2330
¢#0,£#348,¤#347
¢#0,£#3907,¥#85042,¤#503548
¢#0,£#2186,¤#40
¢#0,£#25162,¤#442
¢#0,£#63865,¥#1935,£#595832,¤#4225
¢#0,£#234456,¤#2358
¢#0,£#2025,¤#10937
¢#0,£#2676,¥#2495,¤#58638
¢#0,£#77,¤#1953
¢#0,£#3697,¤#6423
¢#0,£#20,§#2037,£#246,§#1065,ª#423025,¤#4508146
¢#0,£#2631,£#527061,¤#14137
¢#0,£#1971,¤#1068
¢#0,£#75,¤#5100
¢#0,£#4228,¥#60215,¤#19643
¢#0,£#125,¥#535,¤#83333
¢#0,£#3805,¥#80334,¤#274949
¢#0,£#58843,¥#8626,£#93443,¥#98,£#416114,¥#3803,£#82382,¥#9712,£#508099,¥#1418,£#84979,¤#88
¢#0,£#20096,¤#3465
¢#0,£#10412,¤#158318
¢#0,£#2076,¤#1954
¢#0,£#3269,¤#1158
¢#0,£#90,¥#28304,£#59043,¥#8066,£#11722,¤#10
¢#0,£#7214,¤#858250
¢#0,£#83,¤#157601
¢#0,£#15803,¤#2376
¢#0,£#3404,¥#1462,£#7371,¥#4993,¤#10017166
¢#0,£#12130,¤#1298
¢#0,£#2816,¤#188
¢#0,©#7213,¢#629,£#339207,¥#56,£#149477,¥#8712,£#21351,¥#13,£#57100,¥#9,£#3318,¥#5386,£#275334,¥#3680,£#56986,¤#44
¢#0,£#952,¤#78518
¢#0,£#5608,¤#14622
¢#0,£#5435,¤#195
¢#0,£#300,¤#2680
¢#0,£#408,¤#13
¢#0,£#6325,¤#3638
¢#0,£#232491,¥#1330,§#3115,¤#3796674
¢#0,£#2626,¤#21177
¢#0,£#220,¤#30585
¢#0,£#13081,¤#7276
¢#0,£#1200,¥#2549,£#358196,¤#74576
¢#0,£#1775,¤#15347
¢#0,£#7385,¥#1869,¤#7252
¢#0,£#801,¤#824
¢#0,£#471,¤#85042
¢#0,£#71380,¤#84095
¢#0,£#63331,¥#13415,£#67872,¤#9334
¢#0,£#9770,¤#2698
¢#0,£#10,¤#3350
¢#0,£#712,¤#3675
¢#0,£#13410,¤#4714
¢#0,£#8630,¤#2209
¢#0,£#7606,¤#104
¢#0,£#1306,¤#559
¢#0,£#283418,¥#251104,¤#1105554
¢#0,£#422,¥#20784,¤#3232
¢#0,£#5430,¤#111716
¢#0,£#6571,¤#177671
¢#0,£#2071,¤#5978
¢#0,£#15,£#175,¤#185
¢#0,£#74297,¤#89754
¢#0,£#3762,¥#904,£#75023,¤#9975
©#0,¢#17,£#151477,£#102549,¥#2765,¤#424434
¢#0,£#1846,¥#3138,¤#63257
¢#0,£#1416,¤#99
¢#0,£#16600,¤#2961
¢#0,£#270,¤#87
¢#0,£#724,£#71873,¥#11134,¤#62516
¢#0,£#18140,¤#79
¢#0,£#99089,¤#6062
¢#0,£#85387,¥#472,¥#510281,£#110904,¤#41
¢#0,£#178,¤#11609
¢#0,¢#60746,£#22048,¥#367,¤#171251
¢#0,£#249478,¤#193488
¢#0,£#3587,¤#739
©#0,¢#33,£#578,¤#11601
¢#0,£#14575,¤#5912
¢#0,£#71835,¥#141,¤#1898639
¢#0,£#68,¤#74674
¢#0,£#133,¤#2451
¢#0,£#4941,¤#280
¢#0,£#4810,¤#11161
¢#0,£#885,¤#9171
¢#0,£#13049,¥#73074,¤#519131
¢#0,£#339046,¨#185477,£#0,¨#1819442,¤#76579
¢#0,£#56914,¤#3181
¢#0,£#94623,§#188299,ª#11291571,«#88135,«#2254965,«#946325,£#514914,¥#17399,¨#1197058,£#97908,¥#5,£#256689,¤#55
¢#0,£#6950,¥#85808,¤#154788
¢#0,£#2656,¤#60
¢#0,£#232389,¤#102961
¢#0,£#2440,§#10362,¤#8973820
¢#0,£#3497,¤#9029
¢#0,£#22,¤#1670
¢#0,£#3274,¤#1854
¢#0,£#252389,¤#6314
¢#0,£#73836,¥#7728,¤#322807
¢#0,£#10698,¤#6517
¢#0,£#19,¥#2216,£#62006,¤#3
¢#0,£#86458,¤#12244
¢#0,£#327,¤#11419
¢#0,£#64994,¤#5257
¢#0,£#209,¤#6562
¢#0,£#56743,¤#111948
¢#0,£#1008,¤#12139
¢#0,£#85,¤#115
¢#0,£#2541,¤#599281
¢#0,£#17032,£#8871,ª#488191,£#10024958,¤#14
¢#0,£#77043,¥#27002,£#238278,¤#297
¢#0,£#284,¥#379,¤#232094
¢#0,£#74385,¥#15723,£#73892,¥#3614,£#83949,¤#1575
¢#0,£#5677,¤#651
¢#0,£#23736,¥#119,¤#235378
¢#0,£#31,¥#3472,£#73261,¤#814
¢#0,£#7732,¤#64226
¢#0,£#6916,¤#2456
¢#0,£#2541,¤#1245
¢#0,£#8588,¥#506247,ª#526684,£#671013,¤#40
¢#0,£#1843,¤#1370
¢#0,£#499,¤#4401
¢#0,£#16648,¤#57
¢#0,£#9257,¤#1035
¢#0,£#3099,¤#19234
¢#0,£#3276,¤#250847
¢#0,£#638,¤#97
¢#0,£#20,¤#1555
¢#0,£#1687,¤#3474
¢#0,£#1030,¤#100
¢#0,£#3412,¥#33,£#914,¤#438
¢#0,£#87605,¤#8257
¢#0,£#152,¤#2929
¢#0,¢#26,£#85118,¤#1820
¢#0,£#68486,¤#1914
¢#0,£#17599,§#74827,£#439314,¤#1
¢#0,£#10649,¥#89448,¤#2215
¢#0,£#4915,£#520499,¤#150093
¢#0,£#7411,¤#357
¢#0,£#79814,¤#247479
¢#0,£#720,¤#59683
¢#0,£#1000,¤#2485
¢#0,£#15,¥#66,£#193422,¥#3181,¤#63070
¢#0,£#1803,¤#854
¢#0,£#954,¤#5310
¢#0,£#66124,¤#190
¢#0,£#19053,¤#74352
¢#0,£#118,¤#12996
¢#0,£#3869,£#187841,¤#59932
¢#0,£#7004,¤#161424
¢#0,¢#15,£#62563,¥#1182,¤#19683
¢#0,£#3851,¨#801240,£#5,¤#322125
¢#0,£#4073,¤#59089
¢#0,£#3111,¤#2565
¢#0,£#25,¥#5837,¤#6035
¢#0,£#6467,¤#688
¢#0,£#249,¤#81287
¢#0,£#10767,¤#12
¢#0,£#1805,¤#60
¢#0,£#2550,¤#18529
¢#0,£#78719,¥#246,¤#19742
¢#0,£#458,¤#1398
¢#0,£#35,¢#10641,£#10,§#84304,ª#640,¤#8372514
¢#0,£#56409,¥#573,¤#7591
¢#0,£#429,¤#4961
¢#0,©#61204,¢#111597,£#240764,¤#171497
¢#0,£#10236,¤#17
¢#0,£#2861,¤#181300
¢#0,£#425,¤#1637
¢#0,£#497,¤#97710
¢#0,£#1247,¥#7618,£#11671,¥#19,£#2963,¥#26,£#61744,¤#19538
¢#0,¢#8,£#925,¤#3163
¢#0,£#110,¤#6362
¢#0,£#185630,¤#185
¢#0,£#69642,¥#74895,£#20646,¤#4229
¢#0,£#788,¤#4047
¢#0,£#343730,¤#190
¢#0,£#8688,¤#76
¢#0,£#353,¥#41,¤#847
¢#0,£#1103,¤#781
¢#0,£#264290,¤#1153
¢#0,£#72543,¤#5741
¢#0,£#2714,¥#2008,¤#346634
©#0,¢#60,£#3419,¤#12211
¢#0,£#24,¤#853
£#0,¤#90774
¢#0,£#20,¤#2895
¢#0,£#110532,¤#86623
¢#0,£#55176,¤#216
¢#0,£#2769,¤#15144
¢#0,£#60408,¤#104
¢#0,£#87685,¥#963,¤#1460529
¢#0,£#1121,¤#89958
¢#0,£#30,¥#83834,¥#3389882,¤#681686
¢#0,£#62085,¤#3756
¢#0,£#817,¤#68500
¢#0,£#840,£#67260,¤#8896
¢#0,£#5082,¥#683,¤#1629175
¢#0,£#3606,¥#602661,¤#791361
¢#0,£#229,¤#80
¢#0,£#92,£#3082,¤#55835
¢#0,£#234347,¤#24751
¢#0,£#255,§#18956,ª#6800393,¤#1919463
¢#0,£#8274,£#320891,¥#53,£#523691,¤#324
¢#0,£#5020,¤#102015
¢#0,£#3630,£#105915,£#76441,¤#181145
¢#0,£#5,¤#25
¢#0,£#18,¥#171990,¤#91348
¢#0,£#6691,¤#70
¢#0,£#57016,£#3190,¤#3513
¢#0,£#243894,¤#410
¢#0,£#21884,¤#234817
¢#0,£#563,¨#174408,¤#1212749
¢#0,£#80821,¤#62953
¢#0,£#1620,¤#64268
¢#0,£#1745,¤#1307
¢#0,£#80,¤#1034
¢#0,£#982,¤#3889
¢#0,£#232453,¤#3711
¢#0,£#2907,¥#2964,¤#512543
¢#0,£#454,¨#3234,¤#99586
¢#0,£#84395,¥#89304,¥#519441,¤#17686
¢#0,£#282,¥#5580,£#68140,¤#11120
¢#0,£#59792,¤#9186
¢#0,£#2867,¤#1718
¢#0,£#20513,£#600,£#615019,¤#52632
¢#0,¢#9,£#77294,¤#7759
©#0,¢#1098,£#78,¤#2980
¢#0,£#1917,¤#9472
¢#0,£#1955,¤#3540
¢#0,£#67648,¤#1871
¢#0,£#30,¥#695049,¤#1831252
¢#0,£#3957,¤#286
¢#0,£#498,£#5138,¤#58703
¢#0,£#579,¥#2067,¤#14149
¢#0,£#15706,¥#7639,¤#65031
¢#0,£#5756,¤#10835
¢#0,£#379,¤#33
¢#0,£#376,¥#757,¤#26275
¢#0,£#30,¥#91784,¥#4090,¤#1118038
¢#0,£#29,¤#24611
¢#0,£#8950,¤#3246
¢#0,£#43,¥#74803,¤#20404
¢#0,£#622,¥#3544,¤#12698
¢#0,£#110,¤#2442
¢#0,£#1701,¤#63618
¢#0,£#8503,¥#24,¤#16008
¢#0,£#644,¤#4615
¢#0,£#8242,¥#173743,¤#11122
¢#0,£#16001,¤#6770
¢#0,£#2023,¤#25211
¢#0,£#346806,¥#166869,¤#1048547
¢#0,£#7229,¤#81619
¢#0,£#89834,¤#10834
¢#0,£#95995,£#160068,¥#4736,¤#72314
¢#0,£#1920,¤#484
¢#0,£#5600,¤#1950
¢#0,£#12,¤#54
¢#0,£#2680,¥#6288,¤#7472
¢#0,£#1249,¤#247677
¢#0,£#80248,¤#105728
¢#0,£#60219,¤#3200
¢#0,£#17528,¤#1793
¢#0,£#446951,¥#980,¤#85968
¢#0,£#600,¤#575
¢#0,£#1690,¤#516
¢#0,£#411920,¥#116245,£#1093747,¤#117
¢#0,£#3298,¤#4366
¢#0,£#25811,¥#1394,¤#66409
¢#0,£#265,¥#40,¤#1218871
¢#0,£#223,¤#77731
¢#0,£#18,¥#65516,¤#90143
¢#0,£#5303,¤#81823
¢#0,£#16705,¤#177
¢#0,£#54364,¤#13002
¢#0,£#1220,¤#268938
¢#0,£#78737,£#10,¤#249421
¢#0,£#54777,¤#62
©#0,¢#19,£#595,¥#19,£#104,¤#31
¢#0,£#60494,¤#8991
¢#0,£#661,¥#85519,¤#170758
¢#0,£#2228,¤#405
¢#0,£#67525,¤#96511
¢#0,£#61207,¥#8561,¤#82141
¢#0,£#83788,¥#241804,¤#192417
¢#0,£#242740,¤#18611
¢#0,£#5710,¤#373
¢#0,£#626,¥#5734,£#59266,¤#150
¢#0,£#1172,¤#59021
¢#0,£#4462,¥#484,¤#609246
¢#0,£#5374,¤#58136
¢#0,£#1779,¤#8237
¢#0,¦#314,£#554,¥#242,¤#26535
¢#0,£#66,¤#6817
¢#0,£#789,¤#79154
¢#0,£#8875,¥#847223,¤#341891
¢#0,£#77012,¤#5240
¢#0,£#49,¤#11
¢#0,£#4795,¤#1480
¢#0,£#4698,¤#2627
¢#0,£#229,¥#7676,£#3463,¤#84
¢#0,£#496,¤#273
¢#0,£#8965,¤#299
¢#0,£#1622,¤#12367
¢#0,£#11122,¤#2108
¢#0,£#8662,¤#6326
¢#0,£#227,¥#67164,¤#6948
¢#0,£#14118,¥#7,¤#957682
¢#0,£#1475,¤#357
¢#0,£#3506,¤#690761
¢#0,£#79616,¥#18597,£#327797,¤#686975
¢#0,£#66483,¤#202356
¢#0,£#14725,¤#1600
¢#0,£#2086,¥#8781,¤#8560
¢#0,£#23,¤#2801
¢#0,£#8137,¤#80363
¢#0,£#78720,¤#190073
¢#0,£#3590,¤#1841
¢#0,£#3537,¤#81
¢#0,£#75,¥#64318,¤#1477782
¢#0,£#241521,£#395,£#109581,¤#5
¢#0,£#4907,¤#6701
¢#0,£#89987,¥#2151,£#705565,¤#343465
¢#0,£#2115,¤#1980
¢#0,£#10174,¤#1425
¢#0,£#2866,¥#4313,¤#10808
¢#0,£#17181,¤#1976
¢#0,£#66968,¥#2200,¤#450517
¢#0,£#6928,£#87999,¤#263304
¢#0,£#84860,¥#7845,£#73202,¤#143
¢#0,£#84984,¤#69901
¢#0,£#70,¥#618,¤#1117123
¢#0,£#58,¤#104767
¢#0,£#1011,¤#1287
¢#0,£#2366,¤#2197
¢#0,£#245097,¤#97379
¢#0,£#1037,¤#1297
¢#0,£#2140,¥#196,¤#61633
¢#0,£#15,¤#1789
¢#0,£#10391,¤#495
¢#0,£#15912,¤#73755
¢#0,£#723,¥#559,¤#3087
¢#0,£#5,¥#242393,¤#8507
¢#0,£#2184,¤#83742
¢#0,£#2434,¤#248878
¢#0,£#100,¤#10585
¢#0,£#9528,¤#78484
¢#0,£#4938,¥#353800,¤#327221
¢#0,£#71933,¤#432580
¢#0,£#11308,¤#91
¢#0,£#8048,¤#240074
¢#0,£#25865,¥#1100,¤#59783
¢#0,£#81,¤#7547
¢#0,¥#600,¢#71592,£#1982,¤#6012
¢#0,£#2536,¥#7359,¤#2736553
¢#0,£#1624,¤#257
¢#0,£#413,¥#85144,£#431594,¥#27,£#68255,¥#53,¤#434967
¢#0,£#2645,¤#3792
¢#0,£#171,¤#61562
¢#0,¢#42,£#2317,¤#896
¢#0,£#3418,¤#66245
¢#0,£#81135,¤#18610
¢#0,£#1117,£#1253,¥#235,£#0,¥#234956,¤#9020
¢#0,£#23601,¥#78521,¥#7897,¤#602468
¢#0,£#59497,¤#6520
¢#0,£#90,¥#86036,¤#279935
¢#0,£#8161,¤#268041
¢#0,¦#2523,£#323634,¤#10
¢#0,£#13341,¤#496
¢#0,£#13181,¤#511319
¢#0,£#12367,¤#61348
¢#0,£#1510,¤#5586
¢#0,£#40,¤#2730
¢#0,£#1495,¤#6670
¢#0,£#2159,¤#2749
¢#0,£#241,¤#3910
¢#0,£#15,¤#176
¢#0,£#17325,£#237955,¨#515,¤#1316026
¢#0,£#2514,¤#17676
¢#0,£#200,¤#88
¢#0,£#16079,¤#147052
¢#0,£#16741,¤#258935
¢#0,£#7266,£#4874,¥#154717,£#362622,¤#3
¢#0,£#958,¥#8735,¤#72557
¢#0,£#2932,¥#19878,¤#315725
¢#0,£#19,¤#109
¢#0,£#553,¤#3097
¢#0,£#16807,¤#1115
¢#0,£#1771,¥#510,¤#933027
¢#0,£#146,¨#9,¤#511856
¢#0,£#9428,£#11,¥#516753,¤#170463
¢#0,£#292,¤#16479
